<?xml version="1.0" encoding="UTF-8"?>
<rss version="2.0" xmlns:ror="http://rorweb.com/0.1/" >
<channel>
  <title>ROR Sitemap for https://bithostel.com.br/</title>
  <link>https://bithostel.com.br/</link>

<item>
     <link>https://bithostel.com.br/</link>
     <title>bithostel TI - Serviços de Informática e Tecnologia da Informação </title>
     <description>Assistência Técnica em informática em Santos - SP.</description>
     <ror:updatePeriod></ror:updatePeriod>
     <ror:sortOrder>0</ror:sortOrder>
     <ror:resourceOf>sitemap</ror:resourceOf>
</item>
<item>
     <link>https://bithostel.com.br/lava.html</link>
     <title>Lava &amp; Leva em Casa | Sua Lavanderia no Celular | bithostel TI</title>
     <description>Descubra o Lava &amp; Leva em Casa, o aplicativo que conecta você a prestadores de serviço de lavanderia domiciliar em Santos, SP. Roupas limpas, tempo livre e renda extra para a comunidade.</description>
     <ror:updatePeriod></ror:updatePeriod>
     <ror:sortOrder>1</ror:sortOrder>
     <ror:resourceOf>sitemap</ror:resourceOf>
</item>
<item>
     <link>https://bithostel.com.br/suporte.html</link>
     <title>bithostel TI - Assistência Técnica de Informática</title>
     <description>bithostel TI - Assistência Técnica de Informática</description>
     <ror:updatePeriod></ror:updatePeriod>
     <ror:sortOrder>1</ror:sortOrder>
     <ror:resourceOf>sitemap</ror:resourceOf>
</item>
<item>
     <link>https://bithostel.com.br/website.html</link>
     <title>bithostel TI - Venda de Websites e Registro de Domínio .br</title>
     <description>bithostel TI - Venda de Websites e Registro de Domínio .br</description>
     <ror:updatePeriod></ror:updatePeriod>
     <ror:sortOrder>1</ror:sortOrder>
     <ror:resourceOf>sitemap</ror:resourceOf>
</item>
<item>
     <link>https://bithostel.com.br/curso02.html</link>
     <title>Curso Linux: Do Básico ao Avançado</title>
     <description>Curso Linux: Do Básico ao Avançado</description>
     <ror:updatePeriod></ror:updatePeriod>
     <ror:sortOrder>1</ror:sortOrder>
     <ror:resourceOf>sitemap</ror:resourceOf>
</item>
<item>
     <link>https://bithostel.com.br/cloud.html</link>
     <title>Seu Novo Computador na Nuvem</title>
     <description>Seu Novo Computador na Nuvem</description>
     <ror:updatePeriod></ror:updatePeriod>
     <ror:sortOrder>1</ror:sortOrder>
     <ror:resourceOf>sitemap</ror:resourceOf>
</item>
<item>
     <link>https://bithostel.com.br/index.html</link>
     <title>bithostel TI - Serviços de Informática e Tecnologia da Informação </title>
     <description>Assistência Técnica em informática em Santos - SP.</description>
     <ror:updatePeriod></ror:updatePeriod>
     <ror:sortOrder>1</ror:sortOrder>
     <ror:resourceOf>sitemap</ror:resourceOf>
</item>
<item>
     <link>https://bithostel.com.br/VPN.html</link>
     <title>bithostel TI - Segurança Digital - Firewall + VPN no Brasil</title>
     <description>bithostel TI - Segurança Digital - Firewall + VPN no Brasil</description>
     <ror:updatePeriod></ror:updatePeriod>
     <ror:sortOrder>1</ror:sortOrder>
     <ror:resourceOf>sitemap</ror:resourceOf>
</item>
<item>
     <link>https://bithostel.com.br/smadav.html</link>
     <title>Smadav Antivírus - Proteção Leve e Eficaz</title>
     <description>Smadav Antivírus - Proteção Leve e Eficaz</description>
     <ror:updatePeriod></ror:updatePeriod>
     <ror:sortOrder>1</ror:sortOrder>
     <ror:resourceOf>sitemap</ror:resourceOf>
</item>
<item>
     <link>https://bithostel.com.br/scope_lavaroupas.pdf</link>
     <title></title>
     
     <ror:updatePeriod></ror:updatePeriod>
     <ror:sortOrder>2</ror:sortOrder>
     <ror:resourceOf>sitemap</ror:resourceOf>
</item>
<item>
     <link>https://bithostel.com.br/proposta.pdf</link>
     <title></title>
     
     <ror:updatePeriod></ror:updatePeriod>
     <ror:sortOrder>2</ror:sortOrder>
     <ror:resourceOf>sitemap</ror:resourceOf>
</item>
<item>
     <link>https://bithostel.com.br/os.html</link>
     <title>bithostel TI - Assistência Técnica de Informática</title>
     <description>bithostel TI - Assistência Técnica de Informática</description>
     <ror:updatePeriod></ror:updatePeriod>
     <ror:sortOrder>2</ror:sortOrder>
     <ror:resourceOf>sitemap</ror:resourceOf>
</item>
<item>
     <link>https://bithostel.com.br/manual-usuario1.pdf</link>
     <title></title>
     
     <ror:updatePeriod></ror:updatePeriod>
     <ror:sortOrder>2</ror:sortOrder>
     <ror:resourceOf>sitemap</ror:resourceOf>
</item>
</channel>
</rss>
  