{
    "$schema": "https://docs.renovatebot.com/renovate-schema.json",
    "packageRules": [
        {
            "matchDepTypes": [
                "action"
            ],
            "groupName": "github actions",
            "pinDigests": true,
            "extends": [
                "schedule:monthly"
            ]
        },
        {
            "matchDepNames": [
                "vcpkg"
            ],
            "extends": [
                "schedule:monthly"
            ]
        }
    ],
    "customManagers": [
        {
            "customType": "regex",
            "fileMatch": ["^\\.github/workflows/.+\\.yml$"],
            "matchStrings": ["vcpkgGitCommitId:\\s*(?<currentDigest>.*?)\\n"],
            "currentValueTemplate": "master",
            "depNameTemplate": "vcpkg",
            "packageNameTemplate": "https://github.com/microsoft/vcpkg",
            "datasourceTemplate": "git-refs"
        }
    ]
}
